ID_Venda,ID_Produto,ID_Cliente,Data_Venda,Quantidade_Vendida,Pre√ßo_Total
1,1729,1112,2023-06-05,2,775.24
2,885,1838,2023-09-09,5,909.44
3,624,851,2023-09-12,2,380.0
4,885,1852,2023-08-24,8,594.57
5,1562,157,2023-08-03,3,818.22
6,1564,636,2023-09-03,6,627.49
7,1463,1424,2023-05-21,8,312.84
8,242,1621,2023-12-13,1,660.5
9,1576,462,2023-04-12,3,944.19
10,994,1115,2023-02-09,8,495.73
11,856,281,2023-01-12,4,713.72
12,778,1342,2023-05-12,5,834.33
13,1904,1679,2023-05-10,6,111.66
14,1891,180,2023-06-24,4,199.01
15,1575,1526,2023-10-25,3,51.79
16,1636,724,2023-11-11,6,814.75
17,1558,3,2023-05-02,9,362.54
18,189,435,2023-11-25,1,596.39
19,1038,1705,2023-03-03,10,365.7
20,577,221,2023-02-18,4,161.89
21,1057,692,2023-07-20,9,623.64
22,510,1340,2023-04-10,8,62.3
23,1939,132,2023-08-04,6,761.11
24,736,1107,2023-01-15,2,795.33
25,1358,1084,2023-04-15,6,987.9
26,1686,1483,2023-09-06,2,427.12
27,1746,551,2023-07-14,8,348.02
28,1861,469,2023-11-25,3,995.33
29,1061,556,2023-01-18,7,537.51
30,508,1865,2023-05-07,1,710.28
31,1364,168,2023-12-15,8,324.77
32,291,519,2023-01-08,3,908.65
33,1761,193,2023-09-03,3,465.65
34,1356,1190,2023-10-17,7,34.25
35,201,446,2023-05-14,7,620.03
36,320,199,2023-11-12,1,177.87
37,858,1380,2023-12-03,3,735.76
38,439,1439,2023-04-19,8,211.83
39,505,1749,2023-09-10,7,390.59
40,1257,375,2023-04-21,8,602.84
41,1146,1415,2023-08-20,10,157.6
42,51,493,2023-05-03,4,767.47
43,1814,862,2023-02-06,7,172.69
44,1527,199,2023-07-24,2,326.63
45,1989,1788,2023-09-26,1,747.93
46,244,1761,2023-06-08,10,928.96
47,369,823,2023-11-15,7,657.37
48,1581,1526,2023-12-17,8,180.85
49,1578,1021,2023-06-28,6,978.82
50,1908,631,2023-12-02,7,876.79
51,440,909,2023-09-18,1,885.48
52,179,719,2023-01-13,3,142.66
53,415,984,2023-04-09,2,44.73
54,855,367,2023-05-12,6,644.91
55,229,1638,2023-08-11,10,503.05
56,1322,1463,2023-08-18,8,630.28
57,278,1594,2023-11-22,3,329.42
58,1329,1300,2023-05-02,6,420.4
59,941,586,2023-05-19,7,870.08
60,158,463,2023-01-12,9,36.17
61,1534,741,2023-04-11,1,801.08
62,617,1245,2023-08-25,8,952.96
63,1315,1489,2023-06-25,1,374.39
64,737,1596,2023-01-01,10,284.01
65,39,1369,2023-06-12,4,620.78
66,1980,1690,2023-05-14,7,240.75
67,877,1175,2023-03-06,1,618.26
68,1419,1945,2023-11-27,10,493.7
69,579,226,2023-02-19,3,291.24
70,1847,1626,2023-05-12,3,424.52
71,373,918,2023-06-19,3,173.6
72,1373,872,2023-04-08,3,153.06
73,1497,450,2023-01-18,2,562.48
74,1238,1641,2023-02-18,9,407.95
75,1932,1079,2023-06-13,8,260.17
76,857,509,2023-01-12,2,160.54
77,1325,1130,2023-09-06,1,30.97
78,626,867,2023-08-15,7,971.46
79,750,1464,2023-03-07,5,810.42
80,1429,1752,2023-01-06,10,661.74
81,1367,87,2023-01-13,2,708.9
82,381,1525,2023-07-05,8,595.27
83,634,666,2023-06-24,4,636.62
84,213,1529,2023-07-13,2,663.31
85,1018,172,2023-12-13,9,620.54
86,1582,1535,2023-05-28,9,166.8
87,1910,1206,2023-08-12,1,256.98
88,44,865,2023-01-11,5,299.13
89,1010,1211,2023-04-09,10,32.73
90,63,1899,2023-07-23,2,445.6
91,1959,206,2023-07-16,2,404.54
92,1990,91,2023-11-14,6,506.49
93,748,366,2023-12-12,1,534.75
94,830,1941,2023-10-21,9,191.19
95,723,862,2023-12-11,3,794.54
96,894,1960,2023-05-16,6,175.15
97,921,1804,2023-10-15,8,223.54
98,1054,1037,2023-06-18,3,837.52
99,1236,1081,2023-05-28,7,885.44
100,151,695,2023-06-04,7,266.11
101,1051,1633,2023-10-26,5,714.58
102,95,204,2023-12-28,7,712.05
103,873,1515,2023-01-25,4,729.49
104,1091,1628,2023-03-02,3,39.95
105,1324,127,2023-06-25,7,70.6
106,1171,1645,2023-06-25,6,416.07
107,1336,980,2023-06-27,1,164.92
108,1937,365,2023-11-10,7,403.17
109,308,1169,2023-05-22,2,413.13
110,319,1202,2023-01-18,2,721.49
111,793,475,2023-11-28,8,553.82
112,1498,366,2023-01-07,7,491.61
113,566,1641,2023-08-08,4,864.2
114,1419,1287,2023-08-23,2,374.23
115,1930,1416,2023-12-08,5,150.76
116,1772,307,2023-05-07,10,980.62
117,1512,997,2023-06-26,6,127.48
118,904,1476,2023-03-25,4,851.43
119,1158,107,2023-03-03,8,299.45
120,1664,431,2023-08-27,10,583.89
121,793,476,2023-11-17,2,155.94
122,442,1923,2023-09-14,8,522.52
123,259,366,2023-02-10,6,943.65
124,1740,100,2023-06-27,3,581.88
125,1315,1201,2023-10-16,10,350.1
126,536,235,2023-04-13,9,788.81
127,1042,905,2023-02-01,1,443.28
128,526,1147,2023-07-19,6,426.52
129,902,1684,2023-02-20,10,534.12
130,1031,1142,2023-07-03,5,754.04
131,1093,1715,2023-08-23,6,836.97
132,1524,971,2023-05-27,5,906.85
133,494,380,2023-06-12,6,499.32
134,133,601,2023-10-25,6,79.42
135,1488,1001,2023-06-15,6,39.48
136,1109,341,2023-02-12,1,746.57
137,758,8,2023-09-07,8,383.86
138,467,687,2023-09-10,7,10.27
139,1110,328,2023-12-20,4,333.44
140,1602,1977,2023-08-17,4,793.5
141,1145,1527,2023-05-10,1,423.47
142,1484,1111,2023-06-17,9,680.91
143,1814,631,2023-09-20,9,567.69
144,180,926,2023-05-23,7,773.42
145,274,733,2023-08-04,1,235.7
146,1283,303,2023-09-17,8,981.45
147,1887,670,2023-07-09,10,190.89
148,942,1901,2023-12-21,4,875.86
149,701,1277,2023-08-14,5,927.28
150,1006,1873,2023-07-16,5,679.05
151,1576,842,2023-03-19,5,930.17
152,231,1571,2023-04-25,1,389.54
153,1113,278,2023-06-13,6,918.54
154,689,1545,2023-06-06,8,161.36
155,1741,1133,2023-11-25,6,803.87
156,691,801,2023-07-12,8,936.48
157,681,206,2023-04-05,2,652.32
158,804,544,2023-11-13,2,994.24
159,546,193,2023-05-07,8,679.73
160,779,1835,2023-01-25,8,775.59
161,88,1460,2023-01-23,1,307.14
162,816,1394,2023-09-16,4,529.35
163,633,1326,2023-01-15,9,164.46
164,245,1840,2023-02-09,4,520.96
165,1049,1056,2023-05-04,8,642.58
166,445,1943,2023-03-19,2,168.5
167,1099,1151,2023-08-22,9,132.08
168,101,860,2023-03-24,4,37.71
169,1970,1360,2023-03-21,3,515.59
170,48,577,2023-07-04,10,336.62
171,1584,366,2023-04-19,7,567.56
172,90,984,2023-06-03,1,540.24
173,284,877,2023-07-20,5,597.95
174,642,1907,2023-05-15,4,799.49
175,1353,1989,2023-12-17,3,352.7
176,406,947,2023-08-08,5,758.12
177,1514,623,2023-08-24,7,466.68
178,1993,548,2023-09-24,1,864.69
179,1636,1447,2023-08-21,4,601.74
180,1090,432,2023-09-14,6,903.79
181,723,1102,2023-01-10,1,468.74
182,1168,619,2023-09-10,3,834.54
183,1407,1406,2023-02-12,3,831.6
184,716,1933,2023-01-12,2,831.02
185,805,259,2023-03-12,10,763.89
186,335,1498,2023-03-16,7,534.09
187,1626,708,2023-10-28,10,123.84
188,514,1335,2023-10-01,8,760.71
189,83,530,2023-07-23,2,291.53
190,1591,1723,2023-09-11,6,698.73
191,1970,1335,2023-08-09,8,630.13
192,353,1875,2023-08-28,10,97.08
193,242,1253,2023-08-03,5,897.35
194,492,322,2023-01-18,8,233.52
195,1721,667,2023-07-17,1,550.33
196,1799,1503,2023-10-08,1,219.9
197,985,327,2023-12-02,1,891.77
198,1882,1613,2023-09-04,2,849.12
199,1123,1429,2023-04-28,6,828.27
200,588,750,2023-02-21,6,918.48
201,15,1092,2023-10-26,8,602.24
202,1220,617,2023-09-28,10,276.42
203,1685,216,2023-11-18,5,169.05
204,1032,636,2023-04-10,10,492.31
205,1617,1825,2023-08-28,3,117.28
206,1930,1074,2023-07-24,4,93.68
207,1681,1004,2023-06-13,5,988.83
208,841,1673,2023-07-03,7,989.59
209,386,627,2023-05-16,6,139.24
210,529,606,2023-05-24,6,136.83
211,1405,1654,2023-05-13,2,709.74
212,473,589,2023-06-09,3,47.46
213,1644,780,2023-12-06,6,560.85
214,738,459,2023-12-09,5,79.23
215,899,165,2023-11-04,7,105.38
216,1793,285,2023-02-07,10,844.64
217,816,71,2023-04-06,2,653.9
218,1403,1109,2023-09-12,8,133.31
219,1376,815,2023-02-20,8,710.14
220,1414,1515,2023-10-28,8,497.36
221,917,1382,2023-11-19,5,199.32
222,1772,1674,2023-11-03,3,251.1
223,519,1756,2023-07-28,3,360.25
224,691,1146,2023-03-27,2,39.91
225,1214,819,2023-01-21,7,657.15
226,1103,574,2023-01-17,3,387.23
227,160,113,2023-06-10,4,225.74
228,1434,653,2023-10-13,8,105.26
229,1099,148,2023-09-26,7,416.16
230,1178,1128,2023-06-22,3,570.53
231,1310,1960,2023-04-03,3,298.8
232,1810,1771,2023-01-20,8,199.73
233,1175,439,2023-04-18,9,940.76
234,1660,157,2023-11-05,8,41.26
235,1765,1349,2023-06-16,8,314.67
236,1345,1157,2023-05-05,9,241.24
237,1301,1536,2023-09-02,9,196.6
238,452,1701,2023-08-24,1,717.65
239,784,1937,2023-07-27,9,242.81
240,589,1026,2023-03-22,7,672.04
241,170,923,2023-04-10,10,62.01
242,287,614,2023-10-18,7,58.96
243,1740,19,2023-09-27,9,705.24
244,1716,528,2023-11-06,1,419.9
245,75,1653,2023-03-02,6,566.48
246,360,1039,2023-02-15,1,984.5
247,844,966,2023-07-16,3,419.32
248,778,217,2023-11-22,1,332.97
249,1907,847,2023-12-22,6,32.22
250,212,160,2023-01-05,2,456.67
251,1834,1766,2023-03-21,3,308.96
252,643,1167,2023-04-16,2,623.15
253,757,801,2023-04-07,4,858.69
254,752,167,2023-07-24,4,613.15
255,1249,970,2023-08-25,8,109.85
256,312,1415,2023-05-09,9,541.55
257,1564,243,2023-08-28,6,182.95
258,1072,588,2023-05-02,9,438.94
259,1792,1655,2023-11-18,2,969.17
260,1724,1677,2023-11-21,5,315.72
261,598,1416,2023-11-23,10,474.6
262,1362,1143,2023-03-23,3,558.83
263,223,1410,2023-03-11,2,188.74
264,100,636,2023-02-25,3,385.82
265,182,949,2023-02-05,3,176.27
266,1834,548,2023-04-24,5,115.3
267,1164,1233,2023-12-01,5,832.3
268,134,1815,2023-03-08,5,26.44
269,981,1015,2023-01-24,1,741.39
270,19,1383,2023-08-06,3,197.13
271,1084,278,2023-04-03,1,739.89
272,1693,1562,2023-06-13,9,214.31
273,1268,606,2023-06-05,4,283.58
274,564,222,2023-11-20,5,987.38
275,1196,1050,2023-12-10,8,426.27
276,1897,1729,2023-02-27,7,608.97
277,488,677,2023-12-18,9,247.58
278,875,1424,2023-07-27,10,816.85
279,349,956,2023-12-08,1,102.88
280,1765,684,2023-11-17,1,24.46
281,842,146,2023-12-14,1,706.65
282,933,3,2023-06-20,6,774.1
283,1344,1500,2023-02-23,8,938.3
284,930,598,2023-06-28,9,923.72
285,1363,1401,2023-05-08,8,201.13
286,455,518,2023-03-09,7,762.41
287,635,395,2023-08-10,10,244.19
288,1175,105,2023-09-23,1,494.04
289,1295,1177,2023-08-05,3,658.5
290,1968,1520,2023-03-09,8,108.29
291,130,1103,2023-04-14,1,407.23
292,103,788,2023-07-26,4,245.45
293,341,1739,2023-02-08,2,281.95
294,1308,769,2023-07-19,8,725.79
295,715,1337,2023-04-01,8,984.21
296,1135,1894,2023-03-26,9,448.98
297,60,1319,2023-12-24,4,436.7
298,367,290,2023-08-25,6,166.93
299,1346,1031,2023-01-24,7,431.15
300,1286,1779,2023-03-20,1,865.67
301,1147,1667,2023-09-21,9,292.75
302,1366,439,2023-05-16,8,722.45
303,1569,757,2023-09-26,5,981.57
304,141,898,2023-04-18,3,574.49
305,1138,1713,2023-09-28,7,90.19
306,1125,551,2023-06-14,8,800.83
307,654,91,2023-03-26,6,458.82
308,3,617,2023-12-03,3,528.38
309,249,1725,2023-06-19,10,725.23
310,1987,1758,2023-09-03,10,787.33
311,275,8,2023-03-19,4,674.12
312,1941,380,2023-09-14,3,568.38
313,566,1480,2023-12-27,10,255.33
314,1639,1609,2023-09-19,8,130.81
315,2000,400,2023-11-20,3,894.46
316,1741,899,2023-08-14,4,538.13
317,1621,616,2023-05-03,4,54.97
318,1205,1396,2023-09-27,6,682.33
319,86,1371,2023-10-06,6,277.62
320,1177,625,2023-04-01,10,525.89
321,81,100,2023-12-26,9,34.86
322,1645,876,2023-05-19,7,553.52
323,1358,885,2023-03-14,5,524.46
324,1965,535,2023-05-11,4,846.85
325,1575,1008,2023-07-16,4,501.68
326,15,32,2023-12-02,6,364.88
327,1748,304,2023-08-21,8,784.97
328,696,304,2023-06-20,2,808.96
329,484,1268,2023-03-17,5,559.56
330,1716,252,2023-04-18,1,282.66
331,346,1204,2023-03-16,2,106.56
332,153,937,2023-10-08,4,479.04
333,1942,1509,2023-05-04,6,929.02
334,1297,127,2023-05-13,9,768.46
335,1986,1573,2023-03-12,7,233.43
336,686,352,2023-03-28,4,817.37
337,1655,943,2023-06-19,3,103.21
338,1917,935,2023-10-23,9,992.58
339,385,1281,2023-04-23,8,870.77
340,1213,1769,2023-03-11,5,246.37
341,1759,680,2023-10-04,1,997.07
342,432,979,2023-07-01,5,150.57
343,1117,1066,2023-02-26,4,972.85
344,532,948,2023-10-06,9,973.47
345,1528,1219,2023-12-10,5,160.86
346,1102,1878,2023-06-16,9,503.26
347,727,1728,2023-08-09,10,101.94
348,663,1275,2023-02-03,3,501.52
349,198,316,2023-02-26,8,839.98
350,110,1525,2023-04-24,1,997.4
351,1579,1069,2023-03-06,7,35.85
352,5,1086,2023-01-03,7,619.09
353,1872,156,2023-05-18,10,474.85
354,1542,84,2023-01-07,8,942.95
355,1508,1266,2023-12-09,8,30.41
356,1178,1912,2023-05-25,9,562.13
357,1362,1444,2023-05-08,7,692.44
358,1789,122,2023-07-08,3,284.51
359,1700,201,2023-01-09,2,208.82
360,809,796,2023-04-28,6,246.24
361,1809,1581,2023-02-14,5,905.54
362,1712,3,2023-10-05,9,46.34
363,798,583,2023-10-28,10,987.74
364,1853,737,2023-10-23,1,96.77
365,1996,688,2023-06-07,8,670.71
366,1790,942,2023-10-24,6,880.13
367,1151,1844,2023-11-25,6,481.52
368,981,1512,2023-03-11,10,979.55
369,279,262,2023-09-25,8,397.07
370,181,1212,2023-07-16,4,719.65
371,1080,889,2023-03-27,8,277.72
372,56,1167,2023-01-01,2,281.26
373,197,57,2023-11-10,8,780.24
374,683,1790,2023-01-18,5,892.07
375,1235,976,2023-06-08,7,931.28
376,1601,984,2023-10-24,8,533.73
377,1068,76,2023-04-21,9,359.14
378,1534,1154,2023-03-27,2,44.16
379,922,904,2023-10-11,6,824.66
380,1965,1414,2023-10-08,8,27.43
381,1294,862,2023-10-03,4,872.36
382,1942,551,2023-11-17,4,481.91
383,1651,545,2023-09-21,8,781.84
384,346,903,2023-12-23,5,420.76
385,1944,1051,2023-07-04,4,326.85
386,51,583,2023-06-07,2,150.81
387,1792,1504,2023-11-24,1,28.0
388,1487,1258,2023-07-22,2,315.42
389,205,846,2023-10-09,7,705.93
390,1818,545,2023-03-27,3,822.82
391,1989,42,2023-04-15,2,161.75
392,927,1227,2023-07-18,4,122.57
393,843,1971,2023-06-17,4,197.43
394,548,1685,2023-07-09,6,403.25
395,530,302,2023-12-19,10,946.9
396,1789,1080,2023-11-01,2,719.14
397,979,381,2023-05-23,10,967.27
398,720,913,2023-02-20,2,484.31
399,1075,583,2023-08-09,1,118.52
400,1540,1017,2023-07-05,2,25.74
401,568,821,2023-05-20,7,505.76
402,957,1057,2023-10-23,2,682.3
403,952,1382,2023-03-06,8,629.82
404,1533,1242,2023-07-06,1,678.21
405,642,1453,2023-07-19,9,877.21
406,1330,1708,2023-07-06,1,597.06
407,74,763,2023-03-16,10,957.76
408,1867,544,2023-03-20,1,65.99
409,1628,879,2023-11-10,1,640.12
410,414,183,2023-07-09,7,681.15
411,1307,716,2023-10-24,10,364.69
412,692,1674,2023-01-23,4,961.39
413,411,175,2023-09-07,4,702.26
414,1190,560,2023-01-26,5,131.4
415,556,1815,2023-01-13,6,866.85
416,1209,842,2023-06-17,3,606.68
417,331,1077,2023-10-07,2,455.78
418,1213,563,2023-10-21,2,628.51
419,1144,130,2023-08-16,9,807.38
420,1861,621,2023-06-08,9,70.41
421,1818,744,2023-06-07,9,198.74
422,453,823,2023-04-12,3,499.66
423,977,1046,2023-12-05,2,335.52
424,502,1281,2023-08-09,9,999.87
425,1811,1564,2023-10-27,6,874.74
426,1873,1824,2023-02-24,7,582.8
427,1468,670,2023-06-14,9,541.65
428,306,19,2023-12-10,9,739.97
429,1751,167,2023-12-28,6,104.69
430,1553,1529,2023-05-20,6,719.83
431,1237,1741,2023-01-15,10,128.34
432,1633,566,2023-12-28,5,361.0
433,314,501,2023-06-17,2,649.15
434,686,1721,2023-08-19,1,502.68
435,1351,126,2023-07-14,7,707.51
436,8,1242,2023-09-04,2,816.16
437,1805,1489,2023-03-07,4,645.61
438,1498,1139,2023-07-05,6,435.77
439,706,1517,2023-11-21,8,831.42
440,806,18,2023-02-20,7,364.81
441,1330,687,2023-04-26,4,95.88
442,1608,343,2023-05-23,3,699.39
443,398,1728,2023-10-12,7,35.17
444,222,1134,2023-12-18,5,505.96
445,257,1161,2023-02-26,8,292.26
446,147,311,2023-10-22,7,568.87
447,982,1502,2023-12-25,6,240.61
448,1669,788,2023-04-12,9,82.93
449,1779,296,2023-08-01,8,83.11
450,1449,997,2023-06-22,4,441.69
451,1865,232,2023-11-26,7,310.18
452,596,1006,2023-08-19,7,840.05
453,1944,1631,2023-01-25,7,729.86
454,41,686,2023-05-28,2,593.26
455,926,96,2023-03-19,4,104.33
456,1299,393,2023-03-17,6,511.58
457,1677,1126,2023-04-19,6,480.65
458,1228,1560,2023-07-26,4,481.73
459,1675,524,2023-12-18,5,463.8
460,1868,1138,2023-07-17,1,53.97
461,310,1025,2023-06-10,1,425.51
462,1839,1049,2023-02-12,5,606.71
463,1610,1756,2023-09-19,6,995.22
464,944,206,2023-03-19,9,933.15
465,757,807,2023-09-10,7,82.32
466,561,886,2023-02-23,2,559.86
467,1677,1869,2023-11-19,9,28.79
468,944,1886,2023-02-21,10,501.89
469,1310,1263,2023-07-12,8,272.43
470,1341,39,2023-12-01,7,951.9
471,876,1479,2023-02-11,1,809.69
472,447,765,2023-04-05,1,872.88
473,823,168,2023-03-22,2,662.07
474,272,1612,2023-07-04,9,960.97
475,1531,1289,2023-02-04,2,940.0
476,1634,1276,2023-02-26,8,146.89
477,1224,1781,2023-02-19,9,946.51
478,1282,1359,2023-11-17,1,990.39
479,122,49,2023-04-06,9,449.33
480,1433,1272,2023-07-05,5,491.99
481,833,1784,2023-05-03,1,357.26
482,1996,1882,2023-12-18,9,119.14
483,1062,1787,2023-09-26,7,302.15
484,563,1502,2023-10-08,5,30.71
485,1784,1131,2023-03-06,1,19.92
486,1981,1809,2023-01-08,2,594.07
487,555,275,2023-05-11,8,548.35
488,1089,92,2023-06-17,2,954.3
489,1514,1306,2023-07-03,7,210.02
490,1110,1769,2023-06-09,9,253.29
491,47,1483,2023-04-07,3,786.21
492,1790,1456,2023-07-22,5,161.17
493,1771,1992,2023-01-04,5,209.02
494,209,1106,2023-11-24,1,616.1
495,652,335,2023-06-24,6,653.0
496,620,886,2023-04-13,6,549.71
497,294,1866,2023-11-07,8,407.76
498,137,316,2023-12-16,3,510.71
499,136,164,2023-07-10,1,234.11
500,593,1052,2023-10-23,9,886.06
501,244,296,2023-02-01,1,710.2
502,174,790,2023-03-15,6,875.92
503,336,1366,2023-04-22,10,106.71
504,1963,256,2023-01-19,3,752.05
505,1918,14,2023-04-02,8,492.3
506,903,1905,2023-02-23,4,115.56
507,1944,1929,2023-07-17,9,810.04
508,1589,1876,2023-08-01,5,210.97
509,1179,57,2023-06-14,7,569.15
510,461,514,2023-05-10,5,995.16
511,770,1443,2023-04-08,10,310.07
512,518,1025,2023-04-12,2,34.95
513,126,1163,2023-07-20,7,859.25
514,338,1590,2023-01-04,7,343.45
515,675,935,2023-07-15,2,197.76
516,288,1677,2023-11-04,10,532.08
517,55,1953,2023-09-02,4,538.12
518,606,686,2023-01-11,4,920.37
519,696,1821,2023-08-22,2,587.62
520,421,1226,2023-07-14,6,112.73
521,1691,1624,2023-11-17,8,417.84
522,1619,266,2023-08-11,5,174.24
523,236,1373,2023-01-26,8,449.16
524,1749,479,2023-03-26,6,788.47
525,77,828,2023-03-06,3,385.93
526,1096,962,2023-09-18,1,172.29
527,1896,617,2023-10-26,5,758.02
528,555,424,2023-01-14,7,438.31
529,1824,414,2023-04-18,8,344.59
530,1931,1219,2023-04-14,9,150.02
531,1876,1328,2023-04-13,8,780.1
532,862,997,2023-01-20,6,713.51
533,938,22,2023-04-14,2,680.14
534,1675,1830,2023-05-28,5,265.57
535,996,1380,2023-01-10,4,511.9
536,1375,672,2023-08-02,1,74.59
537,138,1572,2023-07-21,5,848.3
538,775,516,2023-09-19,6,595.16
539,502,1792,2023-03-07,2,159.67
540,1754,1501,2023-04-20,1,614.46
541,1369,380,2023-06-08,7,204.98
542,1691,1464,2023-03-21,2,951.83
543,1672,91,2023-01-27,5,683.57
544,1703,1950,2023-04-24,5,241.36
545,9,1157,2023-02-18,5,574.19
546,1812,987,2023-01-21,5,249.4
547,1715,630,2023-08-18,2,834.92
548,555,81,2023-06-19,2,520.92
549,1846,1646,2023-01-27,4,424.62
550,848,634,2023-09-27,1,666.02
551,1103,364,2023-02-23,9,231.34
552,499,413,2023-01-21,9,451.91
553,635,484,2023-04-02,1,286.44
554,1216,1144,2023-03-15,10,990.76
555,316,450,2023-10-03,3,178.16
556,1569,380,2023-09-24,2,489.35
557,1825,1383,2023-08-23,7,544.69
558,1376,724,2023-04-06,8,12.75
559,1023,1563,2023-06-02,2,446.48
560,1020,191,2023-03-28,3,576.87
561,1080,1579,2023-06-21,5,780.11
562,221,1691,2023-09-20,4,866.5
563,1399,1964,2023-06-05,8,346.23
564,742,371,2023-08-17,10,107.74
565,1157,1408,2023-12-27,8,389.41
566,1240,282,2023-11-20,8,787.61
567,1687,1148,2023-03-27,10,921.5
568,376,725,2023-05-10,7,410.85
569,1869,1645,2023-10-19,4,36.54
570,157,1181,2023-04-27,9,298.84
571,411,1147,2023-04-04,6,836.54
572,1720,952,2023-09-24,9,176.9
573,583,1262,2023-11-25,1,351.07
574,168,1064,2023-08-27,9,800.49
575,1942,749,2023-04-05,4,971.29
576,892,384,2023-05-03,4,463.35
577,1624,666,2023-12-28,7,136.11
578,1703,381,2023-10-27,1,174.71
579,1363,1938,2023-12-05,4,892.37
580,712,1774,2023-06-10,7,600.07
581,667,1284,2023-06-14,9,507.75
582,670,1110,2023-12-17,10,566.7
583,201,1520,2023-09-06,4,423.16
584,1121,779,2023-02-03,4,209.07
585,632,1277,2023-09-27,7,476.16
586,1448,183,2023-10-13,7,853.98
587,870,518,2023-08-01,5,624.92
588,458,210,2023-12-05,5,716.64
589,167,1563,2023-02-28,3,474.15
590,569,1906,2023-11-06,7,612.06
591,1290,409,2023-11-23,8,967.06
592,1736,25,2023-12-21,1,191.64
593,1831,462,2023-03-17,5,459.6
594,145,1982,2023-05-15,5,76.54
595,1652,779,2023-06-07,2,510.05
596,26,1514,2023-07-13,10,167.28
597,623,523,2023-09-08,1,872.97
598,355,1514,2023-02-04,7,774.99
599,219,218,2023-04-11,9,856.21
600,446,1507,2023-08-07,8,281.31
601,152,73,2023-03-10,3,422.46
602,1872,541,2023-02-20,2,722.87
603,1499,1554,2023-08-22,7,986.8
604,1674,1117,2023-03-26,8,381.95
605,555,1075,2023-07-10,8,868.51
606,737,249,2023-11-19,4,114.37
607,1666,1933,2023-09-18,7,865.82
608,920,617,2023-04-15,3,392.17
609,1333,50,2023-06-24,2,655.87
610,556,255,2023-02-19,4,573.02
611,85,1377,2023-06-15,8,313.01
612,843,225,2023-08-23,3,208.63
613,1916,273,2023-03-17,5,665.3
614,1990,361,2023-11-10,2,195.52
615,1372,1886,2023-10-17,6,99.08
616,1945,1066,2023-07-24,6,257.18
617,1541,189,2023-01-05,8,936.14
618,1461,340,2023-12-11,4,85.77
619,1545,1894,2023-05-19,3,422.01
620,1808,840,2023-03-20,5,683.06
621,1788,1744,2023-05-11,10,558.34
622,1376,1758,2023-12-12,4,140.38
623,122,1195,2023-04-19,1,225.94
624,281,1769,2023-05-22,8,501.52
625,1946,1612,2023-02-03,7,174.21
626,416,1093,2023-05-13,6,38.19
627,1666,396,2023-08-08,8,659.5
628,1042,618,2023-10-12,6,196.42
629,342,159,2023-04-26,1,373.48
630,1646,478,2023-11-08,3,317.37
631,796,455,2023-01-18,9,924.1
632,1255,323,2023-11-02,4,351.27
633,1271,1370,2023-04-25,5,274.25
634,1966,1216,2023-02-01,5,501.04
635,448,1580,2023-06-18,8,464.4
636,129,560,2023-06-24,6,990.88
637,404,1052,2023-10-17,9,39.13
638,703,1438,2023-09-03,7,140.26
639,1227,1642,2023-01-14,3,678.78
640,1625,1531,2023-12-16,6,678.91
641,194,664,2023-01-24,10,827.33
642,1887,1135,2023-03-01,7,316.73
643,1793,229,2023-05-09,5,589.31
644,1744,1618,2023-05-15,10,267.34
645,1986,1398,2023-05-05,7,861.74
646,562,674,2023-06-22,8,303.35
647,181,1903,2023-02-11,8,121.06
648,1138,292,2023-10-11,4,521.21
649,5,1693,2023-03-21,1,689.41
650,1494,1717,2023-03-17,1,396.89
651,1897,1292,2023-11-02,4,520.73
652,1150,1993,2023-08-14,6,845.56
653,934,1051,2023-12-09,1,138.66
654,1914,149,2023-03-01,8,373.28
655,313,646,2023-12-06,9,343.66
656,980,1671,2023-05-15,10,894.09
657,1113,1857,2023-08-14,1,905.8
658,1285,241,2023-01-01,2,106.08
659,1990,932,2023-02-06,10,684.21
660,636,1322,2023-08-02,4,744.93
661,822,929,2023-04-28,9,705.27
662,310,1443,2023-12-26,7,208.88
663,315,1308,2023-02-01,8,33.16
664,498,990,2023-04-02,9,889.91
665,539,1509,2023-10-14,6,251.68
666,1146,106,2023-02-28,4,496.91
667,1363,313,2023-03-14,10,513.91
668,910,921,2023-09-11,3,671.27
669,236,400,2023-07-23,9,684.09
670,1447,342,2023-12-24,3,711.71
671,1813,1068,2023-07-03,9,554.63
672,1114,968,2023-01-11,4,920.73
673,107,555,2023-09-15,8,485.85
674,424,791,2023-06-05,7,616.66
675,608,1733,2023-09-08,8,935.97
676,748,1551,2023-06-15,5,764.71
677,603,937,2023-06-26,8,772.35
678,1397,1815,2023-02-10,6,143.27
679,1987,172,2023-05-24,4,228.13
680,876,1235,2023-07-13,1,220.08
681,822,1275,2023-02-15,6,314.93
682,1643,207,2023-07-14,3,702.19
683,366,412,2023-02-02,9,263.1
684,1035,815,2023-05-27,6,588.18
685,399,63,2023-10-28,2,300.16
686,1473,1965,2023-10-12,4,757.24
687,1592,1189,2023-12-18,9,881.12
688,553,71,2023-12-09,4,848.67
689,1844,855,2023-01-09,6,699.83
690,1968,163,2023-10-13,7,995.25
691,1865,1767,2023-06-10,2,886.34
692,68,3,2023-02-06,10,674.29
693,1634,1214,2023-09-11,4,469.42
694,1016,1526,2023-06-03,9,880.18
695,1800,1316,2023-09-03,1,733.78
696,1169,536,2023-03-24,7,379.32
697,1148,1871,2023-07-07,9,440.17
698,293,595,2023-04-11,3,276.7
699,917,919,2023-06-26,1,940.59
700,1124,1023,2023-06-08,1,595.05
701,1610,1692,2023-01-22,7,823.81
702,382,1560,2023-12-23,5,345.85
703,1980,151,2023-10-16,9,405.34
704,138,1446,2023-11-12,2,92.15
705,911,183,2023-05-10,10,702.95
706,1488,1470,2023-01-17,5,120.11
707,1452,1189,2023-07-12,4,860.61
708,957,243,2023-12-01,8,600.93
709,760,263,2023-09-25,5,846.8
710,727,1524,2023-04-22,1,994.5
711,1476,982,2023-01-10,3,206.1
712,1569,1862,2023-08-03,4,255.2
713,1525,957,2023-05-07,10,787.01
714,554,1309,2023-12-16,5,226.02
715,214,1082,2023-08-05,3,857.37
716,453,1608,2023-09-01,9,278.25
717,1697,757,2023-01-19,1,754.16
718,424,167,2023-09-26,1,117.77
719,1145,180,2023-03-18,9,975.71
720,385,1400,2023-05-09,5,138.33
721,546,762,2023-07-13,4,574.79
722,362,70,2023-12-15,4,690.3
723,432,782,2023-08-06,1,449.81
724,807,816,2023-01-28,1,895.19
725,580,99,2023-12-01,9,236.55
726,1503,129,2023-07-16,8,659.78
727,1463,974,2023-10-15,8,555.23
728,1653,159,2023-10-08,9,570.51
729,470,1006,2023-03-18,6,456.3
730,458,1384,2023-05-15,9,712.56
731,1358,443,2023-08-28,8,706.66
732,104,50,2023-04-26,5,978.75
733,1858,455,2023-12-21,9,357.91
734,1151,1848,2023-04-02,2,686.44
735,1791,1566,2023-12-26,9,696.55
736,1935,702,2023-05-26,5,651.47
737,68,1000,2023-01-19,9,818.3
738,889,141,2023-10-25,5,738.65
739,1128,1103,2023-11-10,6,203.45
740,478,521,2023-03-15,3,708.18
741,1341,1618,2023-04-06,9,769.21
742,466,1544,2023-05-13,9,593.63
743,177,554,2023-08-15,1,690.4
744,601,1545,2023-01-09,4,408.77
745,1909,1352,2023-06-07,1,118.37
746,1821,1674,2023-03-22,2,463.44
747,976,1397,2023-05-05,2,74.87
748,1243,1514,2023-08-02,8,771.92
749,1632,236,2023-09-22,2,552.84
750,1149,1275,2023-06-07,4,608.1
751,888,1911,2023-11-05,1,427.51
752,1599,770,2023-04-07,3,213.87
753,799,12,2023-07-26,10,391.01
754,607,1257,2023-08-25,7,513.9
755,1366,1864,2023-02-22,2,958.59
756,1689,5,2023-08-15,4,256.75
757,38,60,2023-10-01,2,493.95
758,910,353,2023-06-03,2,440.01
759,418,954,2023-03-06,6,421.41
760,827,635,2023-07-23,5,670.69
761,616,253,2023-09-26,3,104.95
762,118,1143,2023-06-18,7,965.71
763,329,383,2023-10-17,2,757.31
764,755,1218,2023-07-10,10,316.32
765,1064,1070,2023-08-20,9,121.66
766,1035,495,2023-10-23,7,115.01
767,742,581,2023-11-26,8,681.46
768,1594,995,2023-12-26,1,499.89
769,748,1598,2023-08-05,5,95.37
770,125,1639,2023-03-04,3,638.16
771,915,979,2023-01-10,5,488.47
772,546,635,2023-03-20,9,551.13
773,698,1554,2023-12-07,7,770.08
774,313,1754,2023-06-27,2,71.74
775,822,657,2023-10-15,8,983.36
776,13,1826,2023-01-19,6,20.12
777,589,1933,2023-02-02,9,837.68
778,493,1231,2023-02-24,6,675.04
779,494,393,2023-11-11,2,267.1
780,729,1910,2023-11-15,9,66.33
781,1292,1686,2023-02-07,3,743.86
782,898,1038,2023-12-10,3,70.94
783,974,960,2023-04-09,8,717.88
784,1177,1614,2023-05-03,4,388.77
785,547,524,2023-12-18,2,649.94
786,116,1855,2023-05-11,6,287.71
787,814,1491,2023-11-24,9,282.58
788,1729,1803,2023-04-25,1,447.89
789,550,1886,2023-06-21,1,943.26
790,598,1497,2023-08-28,4,220.06
791,829,1256,2023-06-11,2,41.11
792,1204,799,2023-02-03,7,582.34
793,198,136,2023-09-02,7,771.53
794,1259,959,2023-03-03,3,814.22
795,1336,702,2023-09-17,8,24.1
796,867,1547,2023-12-24,2,750.17
797,222,1410,2023-03-19,1,874.56
798,687,631,2023-01-04,2,414.8
799,1139,1693,2023-05-12,4,129.54
800,1292,251,2023-09-13,1,937.87
801,142,1860,2023-02-10,9,106.92
802,985,1222,2023-06-12,6,679.41
803,1770,110,2023-12-08,6,247.79
804,367,1113,2023-01-21,6,923.12
805,1654,1540,2023-05-23,2,634.23
806,1651,1565,2023-09-04,5,160.34
807,1563,1188,2023-11-14,3,11.19
808,214,1032,2023-10-24,1,910.66
809,1150,892,2023-03-15,9,312.96
810,1553,655,2023-07-10,9,223.82
811,1359,1802,2023-05-13,7,732.76
812,266,255,2023-10-28,5,931.38
813,1034,1184,2023-05-24,3,349.15
814,1079,1657,2023-08-22,7,480.33
815,1939,946,2023-01-03,10,223.58
816,690,553,2023-05-13,1,873.12
817,1307,1626,2023-11-05,2,401.2
818,143,1375,2023-10-06,10,434.52
819,1226,263,2023-10-08,3,123.7
820,1233,43,2023-02-10,5,469.62
821,1017,627,2023-08-15,10,501.25
822,909,551,2023-03-07,7,901.1
823,380,918,2023-06-04,7,85.05
824,754,644,2023-06-11,10,274.87
825,663,588,2023-03-28,2,875.0
826,835,1797,2023-10-14,2,353.3
827,495,1601,2023-04-08,7,300.08
828,1956,88,2023-04-17,4,181.35
829,1406,1834,2023-02-06,3,427.51
830,143,441,2023-11-13,7,376.61
831,1900,450,2023-11-13,7,480.09
832,1761,794,2023-03-10,2,597.99
833,1546,1599,2023-06-11,4,586.04
834,537,1266,2023-03-18,4,289.88
835,439,885,2023-04-06,10,241.09
836,1508,1711,2023-05-16,6,120.14
837,395,430,2023-08-13,1,983.72
838,1054,1660,2023-03-19,4,586.81
839,787,1412,2023-03-20,9,898.96
840,1650,192,2023-03-07,4,810.66
841,491,563,2023-12-11,6,422.62
842,518,523,2023-11-10,1,942.34
843,1114,1081,2023-08-14,10,933.14
844,65,1700,2023-04-12,2,92.55
845,262,1614,2023-07-23,4,435.37
846,416,286,2023-01-18,8,279.08
847,1705,1989,2023-11-09,5,288.55
848,981,1700,2023-05-07,7,238.57
849,22,245,2023-11-05,9,849.07
850,1465,1526,2023-12-07,1,683.25
851,1550,583,2023-10-24,9,989.24
852,1047,383,2023-08-26,4,263.16
853,868,838,2023-01-14,10,272.59
854,1708,352,2023-12-21,2,157.41
855,1342,1293,2023-10-19,8,926.46
856,1881,608,2023-03-22,8,921.25
857,361,1282,2023-03-15,6,724.83
858,726,1342,2023-05-07,7,636.17
859,1752,153,2023-11-10,1,492.93
860,705,628,2023-04-10,9,15.82
861,584,1613,2023-12-23,2,993.95
862,946,1206,2023-05-25,6,833.0
863,1397,83,2023-01-24,10,993.56
864,516,644,2023-08-07,1,263.45
865,636,66,2023-11-13,3,575.18
866,460,241,2023-03-22,5,799.62
867,182,1674,2023-04-22,2,407.81
868,207,935,2023-02-10,9,919.86
869,1913,859,2023-05-06,10,667.0
870,1871,552,2023-08-25,3,460.02
871,1985,1332,2023-01-22,9,325.9
872,259,992,2023-05-10,10,275.42
873,1764,169,2023-10-25,7,235.88
874,577,804,2023-12-23,7,415.52
875,1270,205,2023-08-18,1,522.28
876,584,707,2023-01-12,6,119.4
877,470,538,2023-04-22,5,497.13
878,892,1448,2023-06-07,2,460.5
879,1184,1126,2023-08-22,2,160.08
880,573,1653,2023-03-12,8,183.24
881,934,63,2023-08-05,10,174.55
882,7,1957,2023-01-26,2,217.15
883,1164,985,2023-02-06,5,961.1
884,1409,577,2023-01-15,3,576.33
885,148,107,2023-03-24,9,726.36
886,1061,1342,2023-12-05,1,726.94
887,532,157,2023-11-03,8,616.01
888,885,592,2023-07-21,6,198.32
889,714,955,2023-02-08,5,874.15
890,636,1579,2023-09-16,4,353.43
891,1125,652,2023-02-02,5,631.65
892,1054,245,2023-04-25,3,627.45
893,1715,375,2023-08-16,5,143.04
894,43,1452,2023-02-15,8,894.55
895,524,1076,2023-12-26,7,402.88
896,730,803,2023-01-05,4,248.52
897,1135,1495,2023-09-08,3,495.76
898,566,1193,2023-03-04,9,760.1
899,1117,230,2023-11-15,5,211.42
900,1575,1716,2023-04-21,7,785.8
901,1257,1479,2023-11-01,7,553.11
902,1748,984,2023-05-25,5,788.56
903,521,469,2023-10-05,9,652.14
904,737,192,2023-09-25,10,556.47
905,1852,1068,2023-01-01,9,448.76
906,340,1413,2023-08-17,4,717.77
907,178,1325,2023-02-18,1,68.32
908,1547,240,2023-03-08,8,141.86
909,331,341,2023-06-21,4,84.44
910,107,541,2023-06-03,10,323.34
911,683,1117,2023-01-24,10,506.71
912,1191,152,2023-09-08,3,193.03
913,547,179,2023-03-07,7,423.94
914,1870,1924,2023-05-11,5,586.19
915,949,778,2023-08-28,6,639.8
916,651,1877,2023-10-19,3,502.36
917,643,1193,2023-12-28,8,80.33
918,1926,1272,2023-11-15,6,503.35
919,640,1558,2023-03-21,2,414.38
920,1822,1983,2023-04-09,6,238.31
921,1603,585,2023-08-18,6,607.99
922,450,597,2023-08-05,4,805.62
923,566,701,2023-08-16,6,41.0
924,1542,1877,2023-06-15,8,818.94
925,1923,1394,2023-06-20,7,767.51
926,1249,899,2023-03-12,9,563.51
927,1880,1378,2023-02-02,9,717.22
928,1853,1675,2023-10-17,3,862.79
929,1904,402,2023-02-02,9,626.91
930,1269,1188,2023-05-05,8,564.9
931,251,1287,2023-04-27,1,160.75
932,312,1250,2023-03-20,8,475.03
933,258,287,2023-08-08,3,869.88
934,1379,584,2023-02-22,5,278.18
935,162,741,2023-08-17,6,184.16
936,1819,1440,2023-02-01,5,245.32
937,1600,1008,2023-06-22,7,362.64
938,787,646,2023-06-21,6,734.61
939,1496,1637,2023-09-13,5,830.6
940,1578,54,2023-02-10,4,282.88
941,275,510,2023-11-20,9,305.69
942,210,1210,2023-12-10,3,952.22
943,1211,1301,2023-03-27,10,75.55
944,144,972,2023-05-19,5,305.66
945,515,117,2023-10-16,4,30.95
946,1858,37,2023-03-03,5,385.21
947,1535,1883,2023-12-26,3,885.03
948,1979,300,2023-02-07,9,340.95
949,1439,300,2023-01-03,1,275.66
950,771,788,2023-02-08,3,491.02
951,1876,689,2023-06-13,6,206.77
952,945,217,2023-04-06,2,28.45
953,1163,1693,2023-10-27,6,374.08
954,1597,1027,2023-07-11,3,157.02
955,684,238,2023-02-18,1,193.61
956,914,1888,2023-11-01,2,478.03
957,419,1479,2023-01-03,2,104.68
958,879,632,2023-04-14,7,419.93
959,1450,268,2023-03-11,2,404.8
960,589,77,2023-08-20,1,202.01
961,728,1472,2023-11-23,2,36.25
962,978,399,2023-12-15,10,902.41
963,607,135,2023-05-07,9,409.04
964,1867,632,2023-01-08,10,271.47
965,876,52,2023-10-16,10,993.15
966,1821,1435,2023-09-10,6,875.43
967,1472,1591,2023-01-18,2,633.34
968,268,334,2023-03-20,7,61.57
969,1724,1693,2023-06-06,10,305.84
970,1219,879,2023-11-17,1,411.8
971,37,1591,2023-12-03,6,934.56
972,619,1742,2023-04-17,4,576.81
973,1130,1354,2023-06-12,9,488.68
974,1749,1702,2023-08-09,7,121.57
975,604,1294,2023-02-09,7,663.96
976,352,1752,2023-07-18,2,391.88
977,165,1169,2023-03-15,9,260.54
978,935,1300,2023-12-09,3,492.76
979,436,1980,2023-09-18,4,399.46
980,328,392,2023-12-17,5,991.78
981,911,243,2023-10-14,5,228.96
982,567,1276,2023-08-06,10,276.75
983,1145,1847,2023-08-22,1,657.92
984,375,1778,2023-10-28,10,716.92
985,386,1161,2023-05-19,2,177.12
986,1926,1138,2023-10-10,10,828.91
987,1046,1147,2023-11-18,2,193.02
988,429,811,2023-09-10,1,123.48
989,865,809,2023-04-12,3,138.57
990,1980,1773,2023-09-20,8,604.53
991,1001,1787,2023-03-10,5,426.81
992,78,1419,2023-08-24,2,801.34
993,40,1272,2023-07-01,1,161.43
994,868,1417,2023-07-12,10,458.92
995,1836,783,2023-10-28,10,724.06
996,1893,1192,2023-05-25,5,623.55
997,1541,406,2023-04-07,1,42.07
998,1674,1329,2023-12-05,10,56.43
999,1807,1360,2023-11-27,4,456.44
1000,1478,1862,2023-06-20,5,364.24
1001,452,986,2023-08-13,4,984.96
1002,386,1008,2023-04-12,7,760.42
1003,876,1978,2023-03-19,1,479.0
1004,1507,1009,2023-03-25,3,881.78
1005,1925,88,2023-07-27,8,277.28
1006,1925,1225,2023-02-02,1,492.94
1007,334,1679,2023-07-01,8,831.64
1008,1243,476,2023-12-05,5,381.98
1009,1337,1277,2023-02-12,3,686.19
1010,1055,1462,2023-06-05,5,543.97
1011,1532,164,2023-08-07,3,642.25
1012,1034,333,2023-08-01,7,207.3
1013,1149,922,2023-09-15,4,914.41
1014,1905,1679,2023-06-08,6,753.1
1015,1925,144,2023-03-20,3,44.98
1016,1545,1408,2023-05-27,4,220.95
1017,1733,775,2023-06-04,7,794.41
1018,1486,193,2023-01-15,2,312.5
1019,43,1295,2023-08-10,8,131.79
1020,238,388,2023-04-28,8,786.4
1021,1914,968,2023-06-19,9,910.33
1022,1635,363,2023-09-16,8,484.14
1023,1117,1190,2023-04-05,10,798.44
1024,1272,1161,2023-04-26,1,995.61
1025,1840,1787,2023-10-14,5,751.94
1026,1623,17,2023-10-25,7,177.13
1027,1146,1645,2023-04-14,1,780.59
1028,1470,1612,2023-04-16,4,860.06
1029,641,233,2023-01-27,5,73.46
1030,840,984,2023-12-05,5,413.17
1031,1654,1540,2023-05-06,9,981.95
1032,1832,20,2023-06-18,4,60.29
1033,1510,1829,2023-12-07,2,867.24
1034,1863,1414,2023-06-19,2,248.12
1035,1713,835,2023-02-17,9,957.08
1036,457,1694,2023-07-23,2,446.35
1037,537,424,2023-12-22,7,860.67
1038,643,264,2023-07-09,10,88.25
1039,1877,1034,2023-10-18,7,597.85
1040,1815,214,2023-04-04,7,82.05
1041,1941,998,2023-01-18,6,381.22
1042,1677,1443,2023-06-08,2,223.45
1043,1350,1390,2023-11-26,7,859.32
1044,239,1103,2023-12-11,10,819.51
1045,1156,651,2023-02-22,3,531.18
1046,155,1367,2023-12-18,9,297.82
1047,973,1238,2023-10-01,2,476.92
1048,1936,1716,2023-02-26,2,366.82
1049,857,950,2023-01-10,7,123.9
1050,683,938,2023-06-05,9,133.25
1051,1536,1541,2023-02-19,8,135.37
1052,1288,1655,2023-11-22,4,854.2
1053,972,150,2023-08-04,4,66.0
1054,1851,1007,2023-11-17,2,459.04
1055,1030,365,2023-06-18,2,637.92
1056,1459,946,2023-05-19,6,678.29
1057,417,412,2023-02-27,9,401.08
1058,808,609,2023-03-08,9,692.73
1059,1192,1124,2023-09-24,10,89.68
1060,1617,1192,2023-05-16,6,545.45
1061,1672,1599,2023-04-25,6,343.46
1062,1643,514,2023-02-18,5,809.25
1063,1468,1220,2023-08-03,10,965.2
1064,1104,1014,2023-08-17,2,651.92
1065,195,1572,2023-09-20,9,461.74
1066,765,1283,2023-05-01,6,684.83
1067,51,207,2023-11-07,1,972.64
1068,1937,521,2023-03-12,7,537.24
1069,816,820,2023-04-17,2,584.05
1070,764,1011,2023-01-22,1,210.51
1071,1945,1297,2023-04-26,8,808.71
1072,679,96,2023-05-08,3,485.97
1073,1738,1055,2023-06-24,9,467.52
1074,1294,399,2023-12-16,3,216.81
1075,200,1994,2023-03-07,7,300.48
1076,680,383,2023-11-09,2,768.22
1077,1492,37,2023-06-14,3,519.62
1078,528,931,2023-09-16,10,300.46
1079,1226,1478,2023-03-19,2,551.6
1080,58,268,2023-11-08,6,120.82
1081,91,989,2023-02-06,7,227.29
1082,1954,1784,2023-12-09,4,984.05
1083,1957,1653,2023-10-21,5,417.63
1084,1145,1532,2023-03-07,6,749.25
1085,929,964,2023-07-22,5,85.9
1086,557,531,2023-12-13,3,545.54
1087,1516,319,2023-05-28,6,519.34
1088,401,1112,2023-06-21,2,286.83
1089,214,217,2023-06-21,7,313.28
1090,74,33,2023-08-14,1,810.02
1091,1625,153,2023-11-04,1,748.85
1092,1072,1034,2023-04-24,1,626.29
1093,1462,1767,2023-03-09,2,111.87
1094,1611,1259,2023-07-19,3,543.7
1095,791,367,2023-05-15,3,424.29
1096,1169,1524,2023-11-04,4,472.74
1097,4,484,2023-07-19,2,842.11
1098,1036,390,2023-08-15,6,616.89
1099,543,1094,2023-01-13,6,739.66
1100,1214,1436,2023-02-19,4,987.38
1101,1595,1212,2023-02-11,3,874.51
1102,1984,1315,2023-06-18,3,856.25
1103,1318,1530,2023-08-02,7,981.49
1104,779,1733,2023-08-28,1,954.62
1105,1855,858,2023-08-27,6,506.88
1106,1982,352,2023-04-06,4,865.0
1107,1140,1066,2023-05-11,5,723.17
1108,120,1278,2023-09-13,9,202.29
1109,554,1027,2023-03-08,10,556.83
1110,651,716,2023-04-05,9,960.33
1111,1800,1043,2023-10-20,3,163.95
1112,830,511,2023-01-28,7,979.86
1113,128,402,2023-08-20,3,137.83
1114,499,1133,2023-07-16,4,38.7
1115,442,642,2023-10-10,5,815.36
1116,1093,295,2023-11-20,2,484.23
1117,665,906,2023-08-21,8,587.01
1118,1406,803,2023-12-16,3,826.87
1119,447,392,2023-11-02,2,688.83
1120,1526,169,2023-08-20,3,542.43
1121,140,1080,2023-04-05,6,869.51
1122,397,976,2023-06-11,3,544.97
1123,867,1516,2023-01-20,4,742.14
1124,1973,1654,2023-06-23,2,64.76
1125,1769,1999,2023-03-16,2,196.9
1126,1568,610,2023-07-22,4,20.55
1127,858,1081,2023-05-01,10,934.97
1128,1462,1064,2023-11-06,10,283.36
1129,1552,574,2023-03-20,4,131.18
1130,722,26,2023-12-20,7,201.99
1131,761,1785,2023-04-19,4,411.34
1132,173,1980,2023-07-09,8,773.26
1133,1532,1981,2023-10-01,9,879.06
1134,208,1532,2023-02-15,10,916.35
1135,230,1219,2023-02-05,10,82.02
1136,366,1913,2023-02-25,7,232.56
1137,957,1531,2023-11-12,10,354.52
1138,1540,934,2023-04-08,1,386.3
1139,1780,557,2023-04-17,3,993.51
1140,1229,730,2023-11-16,5,777.03
1141,1920,370,2023-04-19,4,186.85
1142,1921,1401,2023-08-12,8,570.1
1143,521,916,2023-09-08,1,279.97
1144,975,225,2023-06-20,4,603.62
1145,636,1142,2023-08-25,5,666.54
1146,1891,1139,2023-04-04,4,947.76
1147,888,890,2023-08-21,8,389.34
1148,39,1967,2023-03-03,4,15.91
1149,313,1390,2023-10-07,10,724.66
1150,1881,1899,2023-02-24,8,139.49
1151,284,1610,2023-01-17,3,681.09
1152,1511,1651,2023-09-19,6,638.96
1153,1200,512,2023-04-13,7,231.72
1154,409,234,2023-01-17,2,955.74
1155,1326,744,2023-04-27,3,959.92
1156,1520,782,2023-07-26,3,931.62
1157,683,1540,2023-09-05,4,204.38
1158,35,933,2023-09-20,3,455.56
1159,434,793,2023-08-16,6,382.79
1160,1149,756,2023-12-04,9,271.24
1161,1380,26,2023-05-21,8,465.17
1162,1677,242,2023-09-19,6,338.78
1163,674,403,2023-01-22,6,685.08
1164,1848,354,2023-10-12,3,272.81
1165,849,37,2023-07-01,1,634.46
1166,1502,1408,2023-06-14,2,857.84
1167,720,1506,2023-02-12,3,709.04
1168,1950,1272,2023-10-02,6,827.96
1169,428,1206,2023-01-23,10,104.31
1170,699,1520,2023-01-18,1,923.22
1171,1453,1694,2023-06-16,5,353.65
1172,18,1859,2023-12-22,6,531.39
1173,728,799,2023-04-19,4,239.68
1174,302,1706,2023-06-15,2,542.71
1175,679,801,2023-08-03,10,281.7
1176,1563,370,2023-05-04,10,696.38
1177,1138,1116,2023-06-10,2,96.28
1178,298,352,2023-10-25,1,691.4
1179,1568,207,2023-03-07,3,627.94
1180,1167,1392,2023-06-24,1,31.05
1181,794,676,2023-02-10,6,329.71
1182,1433,1683,2023-11-16,9,156.88
1183,1889,989,2023-04-09,9,688.22
1184,522,742,2023-04-20,4,522.43
1185,95,785,2023-11-12,9,410.99
1186,200,821,2023-09-02,1,339.66
1187,1171,1668,2023-10-16,2,703.75
1188,1149,1061,2023-07-19,6,567.16
1189,1694,698,2023-05-11,2,781.55
1190,1947,1352,2023-06-17,3,107.69
1191,747,1032,2023-07-20,4,659.38
1192,81,1607,2023-08-06,4,732.56
1193,1649,1173,2023-08-11,5,743.52
1194,219,46,2023-02-02,7,287.72
1195,711,599,2023-11-17,8,411.59
1196,625,999,2023-08-03,7,628.38
1197,1570,1198,2023-02-05,10,523.42
1198,935,1772,2023-06-25,7,560.22
1199,400,1939,2023-08-14,5,496.63
1200,1865,1393,2023-06-18,9,870.41
1201,642,1982,2023-11-15,8,455.51
1202,1771,595,2023-09-03,5,746.27
1203,1311,1727,2023-02-23,4,80.37
1204,954,481,2023-01-14,8,193.13
1205,401,1321,2023-08-01,1,640.56
1206,536,314,2023-11-11,4,537.16
1207,1508,639,2023-08-12,9,680.27
1208,1552,1498,2023-08-28,8,752.92
1209,1097,1547,2023-07-27,5,963.54
1210,1297,1510,2023-11-22,5,675.96
1211,1259,747,2023-10-20,8,859.56
1212,1121,434,2023-06-13,4,247.87
1213,298,403,2023-01-07,1,824.09
1214,1242,342,2023-02-22,1,143.76
1215,1791,478,2023-01-16,2,291.83
1216,1833,1859,2023-04-12,3,10.62
1217,648,1271,2023-12-10,8,516.73
1218,153,725,2023-07-21,7,379.39
1219,634,704,2023-12-15,10,920.01
1220,752,1584,2023-01-04,8,660.07
1221,1272,1913,2023-02-07,10,174.08
1222,1200,839,2023-10-13,10,88.73
1223,1469,295,2023-04-11,6,788.37
1224,1452,1583,2023-06-03,6,559.52
1225,1528,351,2023-12-21,2,699.91
1226,3,310,2023-11-15,7,577.71
1227,1885,269,2023-11-21,3,89.55
1228,1640,289,2023-12-27,3,977.11
1229,1047,1220,2023-01-11,2,188.77
1230,963,1170,2023-11-09,1,878.56
1231,1396,865,2023-09-27,8,137.52
1232,606,773,2023-08-12,10,466.49
1233,1212,34,2023-04-12,7,293.77
1234,1725,1333,2023-08-16,10,641.64
1235,1895,785,2023-06-28,2,423.65
1236,1071,1590,2023-01-23,6,704.08
1237,60,974,2023-08-16,10,725.63
1238,1942,1916,2023-06-20,1,331.3
1239,1113,1240,2023-09-06,9,946.18
1240,955,1271,2023-06-26,10,671.83
1241,818,1680,2023-04-11,5,466.07
1242,1662,689,2023-05-12,4,431.4
1243,981,564,2023-03-09,10,584.67
1244,629,967,2023-03-08,8,618.05
1245,1539,545,2023-02-02,6,828.75
1246,316,212,2023-09-05,9,510.18
1247,981,1334,2023-04-21,4,947.35
1248,727,391,2023-03-24,10,147.96
1249,1672,1388,2023-03-02,4,738.48
1250,602,252,2023-06-16,5,66.52
1251,1819,1409,2023-10-19,4,922.81
1252,465,90,2023-08-27,6,780.63
1253,594,413,2023-11-18,3,855.92
1254,165,1017,2023-04-07,2,560.33
1255,1657,994,2023-09-21,1,141.22
1256,1789,1003,2023-05-04,9,116.24
1257,834,327,2023-01-25,1,931.34
1258,626,1013,2023-11-20,1,77.15
1259,94,985,2023-03-21,4,693.25
1260,1692,638,2023-06-21,2,959.64
1261,1257,1517,2023-02-01,1,944.34
1262,540,234,2023-02-28,10,444.5
1263,80,533,2023-12-28,9,46.03
1264,1547,1218,2023-07-28,8,29.85
1265,231,846,2023-08-13,3,593.8
1266,1427,446,2023-11-02,6,613.42
1267,1932,1545,2023-01-08,9,806.04
1268,921,870,2023-12-07,9,651.02
1269,805,601,2023-08-18,9,148.5
1270,1108,231,2023-01-05,9,41.7
1271,834,1303,2023-07-10,8,364.95
1272,1678,102,2023-08-20,10,222.15
1273,1238,1565,2023-07-05,6,44.28
1274,1933,491,2023-10-20,9,123.03
1275,903,1476,2023-02-23,4,789.39
1276,1764,879,2023-06-01,4,231.6
1277,114,573,2023-08-20,5,317.91
1278,450,1428,2023-11-13,5,275.53
1279,1756,1673,2023-03-01,10,388.7
1280,658,1805,2023-09-05,6,360.65
1281,957,602,2023-11-17,5,845.96
1282,815,1359,2023-03-16,10,92.68
1283,1430,1040,2023-01-15,10,142.59
1284,1129,1640,2023-10-25,9,558.36
1285,619,1190,2023-08-27,5,840.75
1286,1437,1638,2023-04-17,1,982.68
1287,357,1454,2023-06-05,8,495.92
1288,1079,372,2023-03-09,2,352.07
1289,570,340,2023-01-07,7,811.33
1290,575,1439,2023-09-15,9,228.81
1291,1149,1935,2023-09-20,3,163.29
1292,1969,1648,2023-03-09,6,107.64
1293,171,366,2023-05-17,8,364.62
1294,1589,704,2023-09-16,6,910.75
1295,479,1351,2023-08-11,1,393.72
1296,1099,1629,2023-11-16,10,131.7
1297,863,72,2023-04-26,3,372.14
1298,560,1525,2023-07-20,10,666.39
1299,67,101,2023-04-18,10,209.33
1300,1223,1585,2023-08-12,2,130.82
1301,25,1340,2023-05-06,1,385.8
1302,520,1363,2023-12-06,1,192.87
1303,1040,1687,2023-07-25,5,890.97
1304,1958,1182,2023-04-03,7,524.83
1305,310,569,2023-10-28,6,498.82
1306,1110,631,2023-04-09,4,771.61
1307,1905,37,2023-06-09,2,399.92
1308,868,61,2023-09-01,9,607.95
1309,1964,1013,2023-06-01,2,306.89
1310,947,524,2023-12-19,10,300.32
1311,1867,1936,2023-12-16,8,143.21
1312,1160,625,2023-04-18,7,488.17
1313,1748,861,2023-07-15,8,657.62
1314,1352,471,2023-02-02,10,400.21
1315,1173,1837,2023-11-05,2,298.83
1316,1339,1476,2023-08-19,8,24.22
1317,1022,1308,2023-09-24,10,793.24
1318,1962,772,2023-11-09,7,141.6
1319,97,1984,2023-11-20,1,145.45
1320,1576,374,2023-09-12,2,62.7
1321,609,1768,2023-06-16,6,83.82
1322,206,1411,2023-03-26,8,604.02
1323,172,1972,2023-01-25,7,981.02
1324,577,1018,2023-05-19,9,916.24
1325,1791,566,2023-11-11,10,993.76
1326,962,679,2023-07-18,3,134.42
1327,419,77,2023-09-07,8,478.77
1328,1616,1047,2023-06-10,6,206.8
1329,859,1532,2023-04-26,1,617.14
1330,1833,259,2023-08-15,1,103.55
1331,92,943,2023-08-28,6,508.48
1332,1876,1013,2023-07-08,9,744.96
1333,1845,354,2023-09-24,3,244.12
1334,1423,222,2023-05-17,7,166.54
1335,505,384,2023-06-14,8,580.55
1336,1097,686,2023-12-25,1,352.25
1337,298,877,2023-12-11,1,547.41
1338,396,1529,2023-03-06,6,641.92
1339,705,1920,2023-06-09,6,83.92
1340,876,1857,2023-05-24,5,444.59
1341,896,1045,2023-04-24,2,949.75
1342,440,414,2023-03-06,3,572.11
1343,1164,961,2023-03-14,8,553.7
1344,1387,809,2023-12-27,2,260.65
1345,905,1134,2023-12-20,9,487.49
1346,1994,1614,2023-09-07,7,749.38
1347,1033,1351,2023-08-17,7,667.39
1348,319,322,2023-10-22,7,198.28
1349,1446,1866,2023-07-10,10,813.49
1350,1824,326,2023-07-17,9,954.3
1351,1547,1056,2023-05-23,10,469.6
1352,854,861,2023-03-27,2,247.2
1353,126,1227,2023-05-19,4,697.62
1354,1623,1924,2023-05-18,1,73.89
1355,688,1723,2023-12-08,3,438.61
1356,1631,1237,2023-02-20,9,560.86
1357,961,1224,2023-06-01,1,682.56
1358,1109,1000,2023-01-05,2,591.83
1359,707,1822,2023-05-12,7,120.59
1360,1425,1396,2023-07-02,9,801.98
1361,1600,826,2023-11-05,7,403.73
1362,1186,1995,2023-01-25,4,318.8
1363,574,1526,2023-08-21,4,795.5
1364,1474,570,2023-07-11,6,794.5
1365,36,300,2023-11-22,6,633.81
1366,1566,318,2023-04-25,8,218.17
1367,1338,1861,2023-10-01,6,975.64
1368,1869,849,2023-04-27,2,668.75
1369,229,209,2023-07-01,5,770.09
1370,985,1039,2023-10-23,4,474.33
1371,1420,103,2023-11-18,8,397.45
1372,919,1747,2023-12-04,10,151.55
1373,1214,1277,2023-11-27,1,812.51
1374,449,1897,2023-01-28,2,862.59
1375,1327,1271,2023-02-20,2,844.77
1376,814,311,2023-07-20,9,930.66
1377,505,169,2023-12-12,10,747.69
1378,451,1516,2023-08-12,5,571.34
1379,850,1569,2023-02-05,1,884.4
1380,1288,673,2023-10-08,3,251.93
1381,367,95,2023-06-16,1,710.73
1382,192,464,2023-02-12,9,523.27
1383,1545,1533,2023-08-18,4,988.51
1384,1965,276,2023-12-13,7,359.77
1385,234,1087,2023-01-09,6,388.52
1386,987,1979,2023-03-04,3,609.39
1387,1527,1942,2023-05-26,3,64.4
1388,44,705,2023-11-25,5,897.0
1389,1893,644,2023-06-11,6,343.12
1390,1906,305,2023-04-14,9,763.59
1391,1896,742,2023-09-15,2,63.13
1392,556,1549,2023-08-27,6,658.05
1393,1287,1181,2023-04-25,9,119.9
1394,55,1291,2023-06-11,1,482.43
1395,485,1833,2023-07-25,3,388.23
1396,1014,1136,2023-08-14,5,82.93
1397,1796,937,2023-08-28,8,407.71
1398,1556,745,2023-12-07,6,108.17
1399,1702,1366,2023-08-22,2,137.45
1400,790,704,2023-12-13,9,346.77
1401,65,634,2023-07-28,6,918.66
1402,1295,1610,2023-03-21,1,315.28
1403,1281,45,2023-09-18,9,96.85
1404,945,528,2023-11-16,6,717.69
1405,1711,1189,2023-10-07,3,766.35
1406,1554,1140,2023-06-25,2,123.57
1407,57,281,2023-09-21,10,147.45
1408,1757,626,2023-01-14,3,784.09
1409,63,410,2023-09-04,5,935.73
1410,397,879,2023-04-14,5,403.37
1411,1855,13,2023-12-13,2,678.1
1412,1567,139,2023-11-13,1,908.41
1413,1794,1546,2023-10-08,9,217.93
1414,1419,1872,2023-09-21,6,544.48
1415,976,1625,2023-10-22,2,964.12
1416,203,551,2023-10-26,1,640.06
1417,1861,1845,2023-03-24,2,424.82
1418,47,861,2023-08-28,6,886.53
1419,1238,1851,2023-01-28,7,748.29
1420,934,1588,2023-09-15,1,425.42
1421,445,550,2023-12-23,9,649.65
1422,1304,1303,2023-11-27,2,962.17
1423,967,1200,2023-04-17,2,121.53
1424,185,1860,2023-02-05,8,769.12
1425,1280,1779,2023-05-22,6,19.31
1426,1087,1048,2023-04-26,10,802.95
1427,1752,1851,2023-12-17,9,461.81
1428,1960,81,2023-03-03,9,24.22
1429,960,1214,2023-04-07,7,981.93
1430,176,1345,2023-09-10,1,94.04
1431,1874,1460,2023-07-04,1,154.79
1432,1080,1626,2023-06-08,9,957.08
1433,38,1334,2023-02-22,8,136.04
1434,1900,317,2023-04-25,4,758.6
1435,440,1670,2023-08-05,6,903.94
1436,863,829,2023-03-07,3,942.31
1437,1898,799,2023-11-14,1,486.27
1438,1316,137,2023-02-02,9,17.48
1439,1867,424,2023-07-02,9,375.15
1440,1929,640,2023-08-26,6,811.1
1441,1767,1189,2023-10-18,10,696.56
1442,113,1551,2023-10-20,9,400.48
1443,1125,84,2023-01-05,6,910.63
1444,600,1544,2023-09-27,9,678.76
1445,552,1424,2023-12-04,3,945.51
1446,71,1234,2023-03-22,3,688.67
1447,906,1714,2023-04-06,3,978.59
1448,1830,24,2023-12-04,4,582.19
1449,1172,1151,2023-03-13,10,393.73
1450,631,1794,2023-06-07,10,188.86
1451,1888,1651,2023-07-04,4,823.32
1452,349,1090,2023-04-01,4,109.8
1453,390,676,2023-11-05,9,319.99
1454,618,1301,2023-04-04,7,304.35
1455,1655,1751,2023-08-05,2,967.79
1456,292,792,2023-07-18,7,663.81
1457,1975,313,2023-05-03,8,915.51
1458,16,1922,2023-09-24,6,62.98
1459,114,229,2023-10-12,2,382.73
1460,829,1329,2023-08-16,3,203.1
1461,1470,1651,2023-12-27,4,976.81
1462,790,781,2023-01-18,1,370.76
1463,192,1970,2023-02-04,1,268.1
1464,1274,1315,2023-06-03,8,600.1
1465,539,1577,2023-09-28,5,520.01
1466,17,482,2023-03-09,3,274.08
1467,1242,851,2023-09-10,5,98.39
1468,208,27,2023-09-24,2,577.3
1469,591,434,2023-04-13,2,834.4
1470,355,31,2023-09-05,7,744.04
1471,973,719,2023-03-06,2,270.44
1472,674,1584,2023-06-15,1,606.07
1473,1231,1047,2023-07-23,6,317.88
1474,263,327,2023-11-13,4,212.32
1475,921,1906,2023-05-26,2,198.17
1476,1118,1875,2023-09-23,10,956.22
1477,392,102,2023-06-08,9,178.71
1478,180,1580,2023-09-06,6,95.58
1479,695,1072,2023-05-19,8,839.41
1480,250,167,2023-01-01,4,301.01
1481,1948,1428,2023-09-14,10,981.04
1482,1163,638,2023-02-03,3,575.91
1483,1720,819,2023-01-14,2,480.3
1484,845,1669,2023-05-22,4,442.7
1485,1185,879,2023-03-23,9,238.65
1486,1089,1753,2023-03-11,5,771.29
1487,328,1044,2023-12-18,7,504.18
1488,565,690,2023-03-24,9,519.89
1489,1852,753,2023-02-04,5,414.61
1490,788,687,2023-07-03,5,920.74
1491,881,805,2023-01-16,7,579.41
1492,989,1874,2023-12-16,7,283.34
1493,565,1240,2023-01-28,3,294.7
1494,782,860,2023-02-05,2,817.96
1495,305,1989,2023-02-02,9,623.4
1496,933,597,2023-11-03,10,571.26
1497,1910,1380,2023-03-10,10,868.08
1498,322,1890,2023-06-24,3,792.86
1499,1980,1520,2023-12-09,8,398.46
1500,1831,204,2023-11-17,3,313.24
1501,799,619,2023-10-26,4,337.08
1502,965,1944,2023-01-28,5,566.93
1503,323,646,2023-05-16,10,466.53
1504,1104,903,2023-06-21,1,188.93
1505,1455,236,2023-01-10,10,922.32
1506,1083,1212,2023-06-26,1,771.63
1507,856,276,2023-06-16,8,854.5
1508,1905,918,2023-04-04,8,272.14
1509,1991,618,2023-01-08,1,384.44
1510,1127,862,2023-03-27,6,223.33
1511,602,53,2023-06-16,1,461.2
1512,505,647,2023-12-07,1,971.03
1513,1214,1425,2023-12-18,8,401.35
1514,1235,1275,2023-01-01,4,862.61
1515,419,1358,2023-08-28,1,717.39
1516,1195,1088,2023-01-01,8,219.17
1517,1845,933,2023-08-16,5,322.62
1518,1219,323,2023-10-10,9,362.94
1519,1259,300,2023-04-24,2,951.17
1520,1805,1825,2023-10-18,8,92.98
1521,1166,77,2023-09-26,5,240.29
1522,368,1629,2023-11-28,10,953.76
1523,617,1075,2023-04-11,7,968.63
1524,1810,347,2023-02-07,3,235.85
1525,705,346,2023-05-23,7,563.42
1526,1670,1880,2023-05-27,8,293.3
1527,1161,823,2023-11-11,1,400.22
1528,1956,1131,2023-05-21,2,60.41
1529,1420,564,2023-07-26,3,379.66
1530,1703,538,2023-04-14,5,721.24
1531,794,1510,2023-08-12,7,599.88
1532,1836,1825,2023-11-08,7,190.85
1533,1418,539,2023-02-27,8,968.94
1534,1632,1060,2023-06-12,2,293.31
1535,1353,1940,2023-09-13,10,116.0
1536,1859,1473,2023-12-28,6,610.69
1537,707,208,2023-06-19,2,173.29
1538,322,1081,2023-07-04,7,98.17
1539,891,865,2023-12-05,3,117.14
1540,1434,857,2023-04-22,7,546.19
1541,1566,331,2023-08-05,5,456.53
1542,839,1317,2023-05-08,9,51.58
1543,1112,1593,2023-01-25,4,153.39
1544,653,968,2023-08-12,9,967.59
1545,1417,1762,2023-10-04,4,660.91
1546,654,872,2023-09-15,7,685.67
1547,540,164,2023-12-01,8,82.02
1548,670,604,2023-04-11,2,850.75
1549,722,609,2023-06-20,2,892.8
1550,1937,117,2023-08-02,8,760.18
1551,1809,426,2023-09-28,9,559.1
1552,1225,973,2023-02-17,2,30.29
1553,774,173,2023-08-23,3,25.6
1554,1265,218,2023-07-18,2,652.69
1555,74,262,2023-07-22,2,957.75
1556,5,421,2023-01-16,7,686.61
1557,119,119,2023-11-09,2,398.8
1558,604,1535,2023-02-10,4,334.63
1559,905,1964,2023-10-23,3,482.16
1560,1481,621,2023-10-17,2,905.08
1561,1356,1934,2023-03-28,4,23.03
1562,1597,564,2023-05-18,3,334.49
1563,488,203,2023-09-24,10,918.01
1564,1486,698,2023-10-01,2,649.65
1565,235,309,2023-08-10,5,533.86
1566,283,1011,2023-11-18,10,286.47
1567,266,358,2023-12-11,4,333.12
1568,20,513,2023-08-08,10,763.34
1569,1302,1301,2023-07-12,3,158.58
1570,271,318,2023-11-18,1,873.5
1571,1923,905,2023-01-19,5,951.57
1572,538,231,2023-08-23,3,682.84
1573,422,1267,2023-02-15,2,162.72
1574,165,1518,2023-12-04,8,375.59
1575,1998,1314,2023-10-17,8,330.53
1576,513,1802,2023-01-09,2,336.69
1577,981,1935,2023-09-20,9,110.19
1578,1301,858,2023-06-04,3,138.73
1579,1923,1373,2023-12-21,1,942.34
1580,298,1584,2023-04-01,9,76.76
1581,1982,11,2023-01-04,4,978.28
1582,993,368,2023-01-24,1,466.2
1583,559,1990,2023-12-12,8,363.59
1584,1909,667,2023-09-06,8,292.44
1585,333,525,2023-02-26,5,353.2
1586,201,676,2023-07-05,1,555.98
1587,136,1815,2023-11-05,5,635.81
1588,816,1249,2023-01-28,1,258.04
1589,341,1800,2023-04-18,3,531.6
1590,1972,1777,2023-05-20,8,203.29
1591,815,230,2023-03-22,5,998.98
1592,1759,1331,2023-06-21,3,372.98
1593,1377,331,2023-11-21,6,966.19
1594,167,18,2023-06-13,1,845.97
1595,540,1727,2023-12-09,7,794.39
1596,1405,401,2023-10-15,5,733.3
1597,1574,1363,2023-01-11,8,780.59
1598,452,1173,2023-02-05,4,946.97
1599,1077,1815,2023-11-15,3,816.85
1600,690,1133,2023-06-18,2,834.09
1601,1811,1927,2023-01-22,9,126.21
1602,17,531,2023-01-21,8,290.8
1603,1621,571,2023-07-23,8,329.95
1604,1104,1344,2023-07-10,6,119.02
1605,231,1099,2023-03-12,7,245.39
1606,1153,1274,2023-01-22,5,852.06
1607,201,1834,2023-11-16,10,457.83
1608,1119,933,2023-02-18,1,129.28
1609,880,29,2023-11-12,6,268.54
1610,635,635,2023-09-14,6,923.98
1611,426,368,2023-07-22,4,292.7
1612,1763,674,2023-01-22,10,35.89
1613,1181,210,2023-11-01,8,694.67
1614,1625,1715,2023-12-12,10,120.86
1615,299,1587,2023-11-19,10,983.31
1616,1412,1100,2023-10-10,10,205.12
1617,1345,821,2023-07-04,1,765.19
1618,1868,347,2023-12-25,5,786.96
1619,1009,1155,2023-10-27,2,752.78
1620,1874,138,2023-07-19,3,284.41
1621,922,83,2023-01-10,3,641.64
1622,1856,805,2023-03-08,9,308.86
1623,486,1707,2023-02-15,4,776.52
1624,1381,24,2023-02-09,4,55.84
1625,1145,582,2023-03-04,6,590.88
1626,844,319,2023-09-28,3,453.03
1627,412,84,2023-10-05,8,927.42
1628,1369,772,2023-12-12,10,610.19
1629,1940,331,2023-10-24,1,210.55
1630,566,972,2023-05-21,2,600.88
1631,871,1316,2023-08-02,7,153.29
1632,253,1026,2023-11-19,8,492.38
1633,145,1294,2023-08-12,8,485.6
1634,1867,384,2023-03-28,10,781.92
1635,1624,468,2023-06-05,7,401.72
1636,1687,752,2023-03-26,3,475.33
1637,677,473,2023-12-04,4,707.81
1638,1968,412,2023-03-24,8,760.62
1639,1626,1312,2023-03-28,9,167.72
1640,803,936,2023-10-03,7,739.33
1641,755,1885,2023-06-28,2,852.89
1642,893,776,2023-11-23,9,670.46
1643,1805,1518,2023-03-25,4,785.22
1644,753,63,2023-07-28,7,917.7
1645,852,1245,2023-10-01,8,255.28
1646,1816,1951,2023-09-05,6,496.39
1647,1224,1945,2023-05-28,3,612.21
1648,924,1933,2023-04-21,9,332.87
1649,344,1883,2023-08-24,1,17.87
1650,27,1512,2023-04-07,10,96.13
1651,142,1271,2023-08-15,6,649.73
1652,385,852,2023-12-26,2,395.28
1653,1343,258,2023-01-01,4,750.01
1654,1164,1018,2023-07-08,7,900.46
1655,1819,1258,2023-03-20,8,928.29
1656,1349,1561,2023-08-16,9,307.11
1657,226,724,2023-07-28,1,333.4
1658,329,575,2023-07-28,8,724.24
1659,1111,710,2023-12-18,2,91.66
1660,1558,1017,2023-07-02,9,771.71
1661,21,1857,2023-11-07,2,63.75
1662,1218,1342,2023-05-08,10,182.0
1663,1958,1925,2023-06-25,6,836.52
1664,1370,872,2023-09-08,10,588.56
1665,1028,1121,2023-10-03,2,66.61
1666,816,305,2023-06-02,8,732.43
1667,910,408,2023-01-23,9,668.11
1668,188,1262,2023-10-05,7,741.35
1669,1339,1196,2023-02-14,4,624.93
1670,282,10,2023-07-01,5,54.45
1671,616,1688,2023-05-18,7,239.3
1672,1145,470,2023-05-20,6,848.03
1673,204,146,2023-12-21,3,694.99
1674,857,1264,2023-10-06,2,547.67
1675,1161,883,2023-11-13,2,559.68
1676,1897,1642,2023-10-18,10,636.39
1677,378,337,2023-05-26,10,110.41
1678,1709,893,2023-04-12,3,790.11
1679,736,1448,2023-07-04,9,311.61
1680,1598,323,2023-10-07,10,367.93
1681,427,1401,2023-02-16,9,129.48
1682,1231,103,2023-10-12,1,882.28
1683,1745,1428,2023-05-04,2,386.26
1684,279,1922,2023-08-09,8,61.44
1685,58,255,2023-04-25,8,106.19
1686,807,1756,2023-01-18,6,759.65
1687,1080,978,2023-12-03,5,942.78
1688,929,740,2023-07-15,6,523.48
1689,721,1776,2023-10-15,9,31.85
1690,480,790,2023-04-17,8,300.97
1691,177,198,2023-01-08,3,940.67
1692,398,1667,2023-02-16,7,39.68
1693,951,1955,2023-05-20,4,120.45
1694,203,1607,2023-08-12,3,186.49
1695,507,248,2023-09-20,5,501.11
1696,56,838,2023-01-07,10,579.78
1697,1504,483,2023-11-02,10,389.68
1698,1748,951,2023-10-11,8,719.96
1699,1704,767,2023-12-13,7,131.36
1700,435,1331,2023-09-23,4,596.12
1701,1074,197,2023-10-04,8,984.2
1702,1906,953,2023-02-22,4,776.89
1703,1930,63,2023-10-20,8,341.34
1704,95,647,2023-04-25,7,730.18
1705,234,186,2023-06-11,4,140.38
1706,1322,195,2023-06-08,7,354.99
1707,1362,858,2023-08-11,4,734.1
1708,1319,1415,2023-03-20,3,750.87
1709,1731,45,2023-02-15,6,613.43
1710,674,1105,2023-12-13,5,784.18
1711,194,595,2023-07-14,5,514.93
1712,766,1010,2023-05-01,5,184.21
1713,914,1611,2023-12-20,4,233.91
1714,995,1207,2023-12-05,5,561.97
1715,1823,1058,2023-01-26,3,139.88
1716,142,1581,2023-07-18,10,476.55
1717,1805,849,2023-07-03,2,80.37
1718,1727,1221,2023-01-24,4,840.5
1719,1657,1170,2023-09-24,4,560.26
1720,1259,1657,2023-06-02,2,961.85
1721,998,697,2023-01-11,1,560.55
1722,1702,1658,2023-10-09,2,88.71
1723,1432,393,2023-09-04,6,490.63
1724,1817,608,2023-12-23,1,764.37
1725,801,1947,2023-07-11,2,794.2
1726,1027,300,2023-01-23,10,95.76
1727,1136,437,2023-04-12,10,105.05
1728,1426,1778,2023-07-15,3,528.54
1729,469,1864,2023-06-01,1,513.87
1730,335,1538,2023-12-27,7,956.87
1731,692,202,2023-05-10,6,396.34
1732,1495,779,2023-06-24,6,204.73
1733,1985,767,2023-05-24,3,271.16
1734,494,1580,2023-02-17,7,891.95
1735,792,786,2023-10-27,3,431.59
1736,1886,1743,2023-10-17,6,44.57
1737,1359,1370,2023-03-25,9,483.64
1738,790,77,2023-07-02,8,743.58
1739,16,649,2023-03-28,10,348.01
1740,1925,732,2023-08-06,3,279.2
1741,1926,485,2023-01-22,2,564.72
1742,417,211,2023-10-17,9,220.26
1743,736,1381,2023-10-14,8,87.6
1744,606,106,2023-02-03,1,22.39
1745,554,663,2023-08-17,9,373.66
1746,682,1637,2023-09-17,2,961.45
1747,676,1818,2023-02-02,7,393.26
1748,897,790,2023-04-18,8,410.92
1749,615,674,2023-01-25,6,415.02
1750,803,1908,2023-02-14,4,664.67
1751,859,1158,2023-07-21,6,639.3
1752,1908,736,2023-03-20,10,43.81
1753,1648,1291,2023-06-15,5,737.82
1754,796,1579,2023-12-11,2,424.78
1755,540,1184,2023-01-24,7,663.11
1756,214,476,2023-11-11,10,574.51
1757,424,408,2023-02-19,4,222.15
1758,1349,1770,2023-02-07,5,950.53
1759,583,1207,2023-04-08,1,48.66
1760,882,1227,2023-06-18,5,357.17
1761,912,1341,2023-07-05,3,690.82
1762,478,1602,2023-04-22,1,805.02
1763,789,1018,2023-11-28,1,500.05
1764,313,820,2023-10-20,3,142.41
1765,130,1371,2023-08-09,7,951.39
1766,1316,1236,2023-06-27,1,198.1
1767,437,1318,2023-05-14,1,817.13
1768,1568,990,2023-10-14,2,238.52
1769,764,1954,2023-02-23,6,770.12
1770,820,282,2023-07-19,9,74.45
1771,703,1336,2023-09-25,5,824.33
1772,417,997,2023-03-02,10,310.77
1773,1702,1169,2023-07-16,5,477.59
1774,1819,286,2023-05-21,2,449.55
1775,1673,907,2023-11-22,8,392.11
1776,975,344,2023-06-28,1,62.86
1777,722,94,2023-02-27,3,857.31
1778,1095,1680,2023-09-22,7,725.46
1779,616,174,2023-03-25,6,368.47
1780,495,1726,2023-06-14,3,599.92
1781,65,1205,2023-02-10,1,841.94
1782,1796,34,2023-06-11,6,621.95
1783,1406,493,2023-09-09,10,371.51
1784,83,1048,2023-03-28,4,936.86
1785,467,1202,2023-04-15,5,531.05
1786,1030,544,2023-01-14,5,753.41
1787,1140,1023,2023-11-03,7,419.47
1788,195,157,2023-09-08,6,48.56
1789,1459,284,2023-01-03,7,939.18
1790,362,132,2023-08-15,9,300.32
1791,1108,499,2023-10-01,3,538.18
1792,662,670,2023-12-10,1,160.62
1793,931,1827,2023-05-07,10,991.62
1794,1263,108,2023-10-07,2,366.61
1795,1842,1898,2023-07-20,1,768.53
1796,844,984,2023-03-11,9,720.87
1797,364,1607,2023-02-27,2,48.88
1798,771,900,2023-05-04,6,427.33
1799,1223,1199,2023-08-01,8,492.64
1800,1055,1870,2023-03-15,9,682.92
1801,1057,711,2023-07-15,3,97.6
1802,453,50,2023-06-04,4,390.46
1803,1063,1339,2023-08-01,3,995.82
1804,842,336,2023-10-07,4,105.74
1805,373,794,2023-12-03,2,136.95
1806,651,1019,2023-08-08,9,394.47
1807,1232,932,2023-01-24,5,163.35
1808,1472,549,2023-05-14,5,745.67
1809,1637,1997,2023-05-17,4,947.18
1810,349,1803,2023-08-14,10,182.02
1811,100,348,2023-01-22,4,717.14
1812,1106,709,2023-04-06,3,496.11
1813,1899,636,2023-02-12,8,323.15
1814,1234,1147,2023-01-28,9,310.04
1815,672,1201,2023-09-04,10,884.93
1816,970,118,2023-12-03,3,790.35
1817,1529,628,2023-05-16,2,862.31
1818,724,1845,2023-09-21,10,426.39
1819,1511,1176,2023-05-18,5,27.14
1820,1500,504,2023-09-02,3,261.9
1821,1529,630,2023-09-16,5,75.52
1822,93,1265,2023-11-11,7,417.12
1823,1718,1038,2023-02-07,6,510.17
1824,1680,238,2023-01-22,3,889.28
1825,1626,867,2023-06-17,8,344.78
1826,1967,466,2023-05-11,7,583.32
1827,182,899,2023-07-18,6,890.87
1828,84,621,2023-02-28,10,840.99
1829,1607,1823,2023-10-09,5,386.11
1830,1294,62,2023-10-04,8,780.14
1831,1946,1956,2023-09-05,3,317.92
1832,276,1039,2023-02-01,5,92.52
1833,828,374,2023-11-06,3,610.53
1834,1193,1627,2023-12-20,8,755.0
1835,1065,146,2023-04-15,7,339.66
1836,1749,1832,2023-04-05,10,622.55
1837,795,242,2023-05-13,9,704.99
1838,1350,677,2023-05-15,8,449.12
1839,176,616,2023-04-03,3,866.73
1840,1641,1541,2023-08-24,8,155.52
1841,121,1454,2023-09-04,4,934.46
1842,446,1424,2023-05-21,6,619.9
1843,414,1846,2023-03-21,9,815.41
1844,1323,720,2023-02-14,7,861.27
1845,1482,1762,2023-02-20,8,367.86
1846,1999,1352,2023-09-05,3,895.49
1847,1928,820,2023-11-27,10,445.3
1848,1631,58,2023-05-22,9,133.64
1849,1957,1240,2023-02-11,5,933.45
1850,1175,1102,2023-03-04,6,320.2
1851,1680,1869,2023-05-23,1,609.15
1852,437,1078,2023-07-14,3,592.64
1853,232,1238,2023-01-21,8,22.51
1854,178,1870,2023-04-11,3,772.69
1855,1957,530,2023-01-18,2,610.52
1856,46,1365,2023-04-16,6,138.45
1857,984,1881,2023-03-19,8,195.5
1858,704,124,2023-07-23,4,276.2
1859,559,379,2023-07-20,8,800.01
1860,1758,1472,2023-09-15,3,393.13
1861,1457,435,2023-05-05,4,460.42
1862,579,1115,2023-02-27,9,720.53
1863,644,1183,2023-03-25,9,815.74
1864,815,1284,2023-01-01,8,894.8
1865,415,618,2023-05-28,7,447.14
1866,280,281,2023-10-09,9,524.72
1867,758,1742,2023-04-04,5,592.6
1868,45,1900,2023-04-28,3,111.93
1869,1450,1490,2023-01-28,2,369.72
1870,930,1603,2023-08-17,9,435.1
1871,1662,1079,2023-10-20,6,819.17
1872,826,885,2023-04-05,7,605.39
1873,1284,1416,2023-05-16,2,99.36
1874,1680,1056,2023-11-05,10,406.86
1875,521,703,2023-07-17,4,285.01
1876,69,983,2023-03-21,4,957.14
1877,441,887,2023-09-13,7,919.69
1878,1081,1036,2023-08-06,5,251.24
1879,1581,64,2023-08-13,8,834.75
1880,1236,1401,2023-07-10,7,412.87
1881,1757,777,2023-05-15,5,815.95
1882,264,253,2023-08-18,3,350.08
1883,1806,962,2023-12-26,7,399.54
1884,1216,1706,2023-06-10,7,454.69
1885,672,1312,2023-07-17,5,832.61
1886,270,1954,2023-09-15,4,327.85
1887,451,391,2023-11-25,7,729.45
1888,1760,320,2023-08-26,7,378.01
1889,739,972,2023-07-12,9,651.48
1890,1800,609,2023-07-20,9,63.23
1891,246,833,2023-07-04,2,941.09
1892,1075,1681,2023-08-05,2,647.16
1893,62,151,2023-10-23,4,451.2
1894,455,1577,2023-12-01,6,895.42
1895,680,538,2023-08-10,4,917.98
1896,633,349,2023-11-05,3,868.16
1897,1126,588,2023-02-25,6,170.26
1898,1421,1607,2023-09-15,10,990.91
1899,1992,246,2023-03-09,5,129.64
1900,701,39,2023-09-23,10,615.02
1901,682,1731,2023-05-19,3,112.59
1902,1766,902,2023-07-07,3,971.31
1903,1144,827,2023-10-06,1,16.62
1904,911,776,2023-02-25,3,69.34
1905,772,410,2023-07-27,9,624.65
1906,1503,184,2023-03-03,5,417.23
1907,1618,570,2023-07-26,9,557.23
1908,618,39,2023-01-25,9,129.95
1909,1340,21,2023-10-21,10,987.54
1910,1649,191,2023-01-27,8,924.72
1911,895,1428,2023-06-28,6,660.35
1912,330,53,2023-02-24,7,616.63
1913,187,1389,2023-09-10,10,243.24
1914,559,297,2023-07-17,5,549.78
1915,1518,1290,2023-05-08,5,223.85
1916,244,1696,2023-07-18,7,384.2
1917,1804,21,2023-04-07,6,856.02
1918,971,1280,2023-05-03,4,671.03
1919,509,1172,2023-03-27,10,694.57
1920,848,328,2023-01-18,5,866.17
1921,1353,1876,2023-02-07,5,434.39
1922,1760,1557,2023-08-16,8,267.03
1923,1187,649,2023-01-16,5,125.19
1924,1338,1154,2023-09-10,4,41.13
1925,1738,1604,2023-09-02,10,459.76
1926,1913,529,2023-06-07,2,808.33
1927,939,84,2023-07-23,9,815.07
1928,365,721,2023-10-06,10,364.14
1929,1185,189,2023-01-24,5,460.13
1930,1827,314,2023-07-04,5,841.81
1931,917,1160,2023-07-16,9,620.49
1932,62,1122,2023-10-11,4,445.04
1933,453,1131,2023-03-13,5,784.4
1934,682,190,2023-08-09,9,641.31
1935,600,506,2023-01-26,4,730.37
1936,1186,1152,2023-09-16,4,867.84
1937,1468,1514,2023-07-08,1,278.1
1938,1969,1650,2023-04-27,3,975.04
1939,1068,1128,2023-09-14,2,711.27
1940,754,1177,2023-04-15,8,492.5
1941,1908,466,2023-07-04,10,304.52
1942,1481,453,2023-06-19,1,488.08
1943,1491,1108,2023-05-19,1,867.6
1944,1382,1768,2023-06-20,9,491.47
1945,1130,1652,2023-03-17,7,137.64
1946,661,508,2023-04-18,4,326.16
1947,1383,1079,2023-09-22,6,181.84
1948,293,625,2023-04-05,1,186.59
1949,1699,1855,2023-07-23,10,123.05
1950,608,463,2023-12-04,9,46.02
1951,1232,1042,2023-06-21,10,173.16
1952,1330,1777,2023-07-02,4,651.82
1953,843,1787,2023-04-19,9,307.66
1954,1741,86,2023-04-02,6,292.24
1955,1916,1641,2023-07-19,4,874.66
1956,1931,1980,2023-08-08,8,115.11
1957,478,897,2023-05-28,5,944.63
1958,896,701,2023-01-03,9,233.13
1959,126,626,2023-07-06,10,406.68
1960,1189,1442,2023-10-02,9,962.94
1961,1308,226,2023-04-07,9,788.3
1962,1374,763,2023-04-17,3,594.72
1963,337,786,2023-05-03,9,877.12
1964,479,1619,2023-11-24,9,347.72
1965,1691,1278,2023-09-25,6,305.68
1966,704,1419,2023-06-26,10,493.33
1967,1298,1866,2023-10-01,5,536.92
1968,1087,1521,2023-02-08,1,83.31
1969,567,119,2023-02-13,7,187.27
1970,1786,1201,2023-10-20,1,539.32
1971,1640,1506,2023-04-28,5,61.61
1972,388,1173,2023-11-01,1,205.27
1973,522,1114,2023-07-22,1,385.55
1974,198,685,2023-11-05,6,107.48
1975,1240,1453,2023-02-15,7,875.41
1976,1406,1446,2023-02-21,10,67.68
1977,1366,756,2023-02-16,5,78.02
1978,132,701,2023-11-17,9,583.53
1979,656,1658,2023-05-06,5,400.19
1980,955,369,2023-11-25,1,335.09
1981,207,1172,2023-11-16,7,252.29
1982,859,601,2023-04-08,10,622.64
1983,1672,1832,2023-11-12,2,859.47
1984,1079,829,2023-10-01,7,128.69
1985,525,257,2023-01-01,3,703.05
1986,1259,1419,2023-08-16,1,138.61
1987,265,565,2023-02-14,1,762.53
1988,402,788,2023-07-01,3,353.26
1989,1061,1337,2023-01-01,2,90.21
1990,1871,596,2023-01-03,10,359.05
1991,990,175,2023-08-21,4,444.21
1992,1143,468,2023-06-14,4,232.64
1993,53,1464,2023-08-09,2,66.21
1994,551,1410,2023-11-20,5,745.51
1995,701,1289,2023-02-12,5,121.33
1996,1448,1359,2023-08-22,5,204.06
1997,908,1057,2023-05-19,1,65.36
1998,567,917,2023-07-25,3,700.78
1999,1598,473,2023-08-13,9,930.2
2000,1131,610,2023-08-25,1,705.66
